id,name,email,age,signup_date
1,Customer 1,user1@example.com,38,2025-03-13
2,Customer 2,user2@example.com,59,2025-01-03
3,Customer 3,user3@example.com,70,2025-09-04
4,Customer 4,user4@example.com,41,2025-10-02
5,Customer 5,user5@example.com,-3,2025-09-07
6,Customer 6,user6@example.com,20,2025-02-14
7,Customer 7,user7@example.com,44,2025-02-08
8,Customer 8,user8@example.com,23,2025-09-14
9,,user9@example.com,21,2025-10-04
10,Customer 10,user10@example.com,78,2025-04-21
11,Customer 11,user11@example.com,58,2025-10-02
12,Customer 12,user12@example.com,54,2025-10-13
13,Customer 13,user13@example.com,21,2025-04-02
14,Customer 14,user14@example.com,53,2025-03-10
15,Customer 15,user15@example.com,44,2025-03-18
16,Customer 16,user16@example.com,25,2025-10-10
17,Customer 17,user17@example.com,53,2025-11-06
18,Customer 18,user18@example.com,24,2025-10-19
19,Customer 19,user19@example.com,58,2025-04-12
20,Customer 20,user20@example.com,24,2025-09-23
21,Customer 21,user21@example.com,22,2025-10-02
22,Customer 22,user22@example.com,57,2025-04-16
23,Customer 23,@example.com,61,2025-09-14
24,Customer 24,user-at-example.com,67,2025-06-15
25,Customer 25,user25@example.com,55,2025-08-12
26,Customer 26,user26@example.com,37,2025-04-26
27,Customer 27,user27@example.com,29,2025-12-25
28,Customer 28,user28@example.com,33,2025-02-19
29,Customer 29,user29@example.com,37,2025-09-16
30,Customer 30,user30@example.com,74,2025-06-24
31,Customer 31,user31@example.com,46,2025-05-20
32,Customer 32,user32@example.com,80,2025-02-04
33,Customer 33,user33@example.com,50,2025-07-06
34,Customer 34,user34@example.com,66,2025-06-05
35,Customer 35,user35@example.com,77,2025-08-14
36,Customer 36,user36@example.com,20,2025-11-03
37,Customer 37,user37@example.com,66,2025-09-19
38,Customer 38,user38@example.com,68,2025-06-11
39,Customer 39,user39@example.com,62,2025-06-20
40,Customer 40,user40@example.com,49,2025-10-26
41,Customer 41,user41@example.com,47,2025-02-27
42,Customer 42,user42@example.com,23,2025-05-16
43,Customer 43,user43@example.com,62,2025-11-03
44,Customer 44,user44@example.com,21,2025-12-23
45,Customer 45,user45@example.com,37,2025-11-19
46,Customer 46,user46@example.com,61,2025-08-10
47,Customer 47,user47@example.com,63,2025-07-22
48,Customer 48,user48@example.com,40,2025-01-15
49,Customer 49,user49@example.com,40,2025-03-20
50,Customer 50,user50@example.com,25,2025-08-02
51,Customer 51,user51@example.com,31,2025-05-05
52,Customer 52,user52@example.com,65,2025-04-13
53,Customer 53,user53@example.com,43,2025-08-03
54,Customer 54,user54@example.com,28,2025-08-13
55,Customer 55,user55@example.com,53,2025-05-05
56,Customer 56,user56@example.com,70,2025-07-28
57,Customer 57,user57@example.com,53,2025-05-23
58,Customer 58,user58@example.com,44,2025-06-22
59,Customer 59,user59@example.com,74,2025-07-08
60,Customer 60,user60@example.com,27,2025-02-06
61,Customer 61,user61@example.com,27,2025-04-22
62,Customer 62,user62@example.com,32,2025-01-16
63,Customer 63,user63@example.com,71,2025-10-06
64,Customer 64,user64@example.com,34,2025-05-01
65,Customer 65,user65@example.com,27,2025-07-18
66,Customer 66,user66@example.com,41,2025-10-19
67,Customer 67,user67@example.com,38,2025-03-23
68,Customer 68,user68@example.com,72,2025-09-20
69,Customer 69,user69@example.com,59,2025-11-24
70,Customer 70,user70@example.com,21,2025-08-28
71,Customer 71,user71@example.com,67,2025-11-26
72,Customer 72,user72@example.com,53,2025-07-13
73,Customer 73,user73@example.com,43,2025-07-04
74,Customer 74,user74@example.com,48,2025-11-13
75,Customer 75,user75@example.com,21,2025-04-03
76,Customer 76,user76@example.com,31,2025-08-06
77,Customer 77,user77@example.com,25,2031-01-15
78,Customer 78,user78@example.com,21,2025-02-01
79,Customer 79,user79@example.com,54,2025-03-18
80,Customer 80,user80@example.com,24,2025-06-20
81,Customer 81,user81@example.com,19,2025-02-28
82,Customer 82,user82@example.com,31,2025-10-13
83,Customer 83,user83@example.com,27,2025-11-09
84,Customer 84,user84@example.com,79,2025-06-20
85,Customer 85,user85@example.com,41,2025-08-04
86,Customer 86,user86@example.com,25,2025-08-15
87,Customer 87,user87@example.com,48,2025-08-10
88,Customer 88,user88@example.com,-26,2025-03-04
89,Customer 89,user89@example.com,65,2025-06-24
90,Customer 90,user90@example.com,34,2025-08-27
91,Customer 91,user91@example.com,62,2025-03-17
92,Customer 92,user92@example.com,19,2025-04-17
93,Customer 93,user93@example.com,41,2025-03-23
94,Customer 94,user94@example.com,52,2025-01-25
95,Customer 95,user95@example.com,51,2025-05-21
96,Customer 96,user96@example.com,73,2025-02-23
97,Customer 97,user97@example.com,72,2025-05-17
98,Customer 98,user98@example.com,41,2025-03-12
99,Customer 99,user99@example.com,67,2025-04-18
100,Customer 100,user100@example.com,52,2025-09-11
101,Customer 101,user101@example.com,58,2025-04-20
102,Customer 102,user102@example.com,69,2025-04-26
103,Customer 103,user103@example.com,33,2025-07-24
104,Customer 104,user104@example.com,69,2025-04-07
105,Customer 105,user105@example.com,51,2025-08-12
106,Customer 106,user106@example.com,64,2025-01-01
107,Customer 107,user107@example.com,68,2025-05-16
108,Customer 108,user108@example.com,34,2025-04-23
109,Customer 109,user109@example.com,56,2025-06-15
110,Customer 110,user110@example.com,69,2025-12-12
111,Customer 111,user111@example.com,79,2025-06-03
112,Customer 112,user112@example.com,32,2025-02-08
113,Customer 113,user113@example.com,48,2025-04-11
114,Customer 114,user114@example.com,31,2025-08-20
115,Customer 115,user115@example.com,75,2025-10-27
116,Customer 116,user116@example.com,18,2025-08-21
117,Customer 117,user117@example.com,40,2025-11-03
118,Customer 118,user118@example.com,71,2025-11-04
119,Customer 119,user119@example.com,76,2025-07-26
120,,user120@example.com,63,2025-04-16
121,Customer 121,user121@example.com,74,2025-03-14
122,Customer 122,user122@example.com,68,2025-11-11
123,Customer 123,user123@example.com,23,2025-12-13
124,Customer 124,user124@example.com,47,2025-07-24
125,Customer 125,user125@example.com,78,2025-02-24
126,Customer 126,user126@example.com,28,2025-03-05
127,Customer 127,user127@example.com,19,2025-03-19
128,Customer 128,user128@example.com,75,2025-08-26
129,Customer 129,user129@example.com,59,2025-03-20
130,Customer 130,user130@example.com,70,2025-10-16
131,Customer 131,user131@example.com,60,2025-06-05
132,Customer 132,user132@example.com,53,2025-09-05
133,Customer 133,user133@example.com,19,2025-01-26
134,Customer 134,user134@example.com,80,2025-12-21
135,Customer 135,user135@example.com,24,2025-09-24
136,Customer 136,user136@example.com,77,2025-03-14
137,Customer 137,user137@example.com,73,2025-04-27
138,Customer 138,user138@example.com,73,2025-04-01
139,Customer 139,user139@example.com,34,2025-04-10
140,Customer 140,@example.com,50,2025-04-25
141,Customer 141,user141@example.com,55,2025-06-09
142,Customer 142,user142@example.com,52,2025-07-27
143,Customer 143,user143@example.com,26,2025-01-24
144,Customer 144,user144@example.com,40,2025-08-22
145,Customer 145,user145@example.com,55,2025-09-14
146,Customer 146,user146@example.com,70,2025-09-05
147,Customer 147,user147@example.com,52,2025-03-17
148,Customer 148,user148@example.com,50,2025-01-28
149,Customer 149,user149@example.com,46,2025-03-20
150,Customer 150,user150@example.com,18,2025-03-06
151,Customer 151,user151@example.com,27,2025-08-20
152,Customer 152,user152@example.com,64,2025-02-18
153,Customer 153,user153@example.com,21,2025-06-22
154,Customer 154,user154@example.com,51,2025-09-18
155,Customer 155,user155@example.com,48,2025-02-18
156,Customer 156,user156@example.com,21,2025-04-07
157,Customer 157,user157@example.com,35,2025-01-25
158,Customer 158,user158@example.com,24,2025-09-15
159,Customer 159,user159@example.com,53,2025-01-25
160,Customer 160,user160@example.com,75,2025-02-15
161,Customer 161,user161@example.com,38,2025-10-17
162,Customer 162,user162@example.com,56,2025-09-07
163,Customer 163,user163@example.com,62,2025-05-15
164,Customer 164,user164@example.com,50,2025-09-26
165,Customer 165,user165@example.com,48,2025-09-08
166,Customer 166,user166@example.com,62,2025-09-09
167,Customer 167,user167@example.com,77,2025-09-07
168,Customer 168,user168@example.com,71,2025-08-05
169,Customer 169,user169@example.com,44,2025-02-13
170,Customer 170,user170@example.com,46,2025-06-03
171,Customer 171,user171@example.com,60,2025-04-14
172,Customer 172,user172@example.com,22,2025-04-22
173,Customer 173,user173@example.com,37,2025-02-25
174,Customer 174,user174@example.com,27,2025-12-21
175,Customer 175,user175@example.com,60,2025-06-05
176,Customer 176,user176@example.com,34,2025-03-15
177,Customer 177,user177@example.com,32,2025-12-04
178,Customer 178,user178@example.com,43,2025-08-06
179,Customer 179,user179@example.com,60,2025-04-06
180,Customer 180,user180@example.com,63,2025-07-17
181,Customer 181,user181@example.com,43,2025-06-14
182,Customer 182,user182@example.com,30,2025-06-11
183,Customer 183,user183@example.com,23,2025-12-12
184,Customer 184,user184@example.com,19,2025-06-18
185,Customer 185,user185@example.com,47,2025-08-23
186,Customer 186,user186@example.com,19,2025-07-11
187,Customer 187,user187@example.com,51,2025-10-10
188,Customer 188,user188@example.com,50,2025-02-04
189,Customer 189,user189@example.com,76,2025-04-04
190,Customer 190,user190@example.com,23,2025-05-09
191,Customer 191,user191@example.com,20,2025-03-09
192,Customer 192,user192@example.com,66,2025-03-27
193,Customer 193,user193@example.com,45,2025-11-27
194,Customer 194,user194@example.com,78,2025-05-13
195,Customer 195,user195@example.com,27,2025-09-17
196,Customer 196,user196@example.com,54,2025-08-23
197,Customer 197,user197@example.com,38,2025-02-09
198,Customer 198,user198@example.com,21,2025-12-06
199,Customer 199,user199@example.com,45,2025-02-09
200,Customer 200,user200@example.com,78,2025-01-21
17,Copy of 17,user17@example.com,53,2025-11-06
63,Copy of 63,user63@example.com,71,2025-10-06
150,Copy of 150,user150@example.com,18,2025-03-06
